Ref,Val,Package,PosX,PosY,Rot,Side
"C6","10uF","C_0402_1005Metric",84.810600,-71.574600,90.000000,top
"C7","10uF","C_0402_1005Metric",84.810600,-73.505000,270.000000,top
"C8","10uF","C_0402_1005Metric",85.290600,-79.578200,180.000000,top
"C9","10uF","C_0402_1005Metric",84.810600,-64.671000,270.000000,top
"C10","10uF","C_0402_1005Metric",92.735400,-67.668200,270.000000,top
"C11","10uF","C_0402_1005Metric",101.117400,-62.893000,270.000000,top
"C12","10uF","C_0402_1005Metric",105.333800,-60.833000,90.000000,top
"D1","LED","LED_0805_2012Metric",102.059500,-71.882000,180.000000,top
"D2","LED","LED_0805_2012Metric",102.059500,-75.692000,180.000000,top
"D3","LED","LED_0805_2012Metric",102.186500,-79.502000,180.000000,top
"D10","LED","LED_0603_1608Metric",169.240200,-122.986900,270.000000,top
"D12","LED","LED_0603_1608Metric",147.218300,-114.808000,180.000000,top
"D14","LED","LED_0603_1608Metric",79.194900,-42.697400,0.000000,top
"D16","LED","LED_0603_1608Metric",112.039400,-54.861700,270.000000,top
"D18","LED","LED_0603_1608Metric",121.539000,-54.866300,270.000000,top
"D20","LED","LED_0603_1608Metric",142.748100,-34.823400,180.000000,top
"Q7","2N7002","SOT-23",147.336000,-61.468000,180.000000,top
"Q8","2N7002","SOT-23",147.463000,-77.404000,180.000000,top
"Q17","2N7002","SOT-23",147.132000,-45.482000,90.000000,top
"Q18","2N7002","SOT-23",147.590000,-93.157000,180.000000,top
"Q23","2N7002","SOT-23",146.923000,-108.839000,180.000000,top
"R1","4700R","R_0402_1005Metric",84.836000,-69.594000,270.000000,top
"R3","10K","R_0402_1005Metric",87.249000,-112.776000,180.000000,top
"R4","10K","R_0402_1005Metric",85.215000,-112.776000,180.000000,top
"R5","4700R","R_0402_1005Metric",84.836000,-75.436000,90.000000,top
"R6","10K","R_0402_1005Metric",102.106000,-73.406000,0.000000,top
"R7","100R","R_0402_1005Metric",93.599000,-72.011000,270.000000,top
"R8","10K","R_0402_1005Metric",102.110000,-77.216000,0.000000,top
"R9","100R","R_0402_1005Metric",93.599000,-75.821000,270.000000,top
"R10","10K","R_0402_1005Metric",102.106000,-81.026000,0.000000,top
"R11","100R","R_0402_1005Metric",93.599000,-79.631000,270.000000,top
"R12","10K","R_0402_1005Metric",108.202000,-112.522000,180.000000,top
"R13","10K","R_0402_1005Metric",106.170000,-112.522000,180.000000,top
"R14","10K","R_0402_1005Metric",129.411000,-112.776000,180.000000,top
"R15","10K","R_0402_1005Metric",127.383000,-112.776000,180.000000,top
"R16","4700R","R_0402_1005Metric",84.836000,-66.626200,90.000000,top
"R18","4700R","R_0402_1005Metric",92.710000,-69.598000,90.000000,top
"R21","4700R","R_0402_1005Metric",84.836000,-78.107000,270.000000,top
"R23","220","R_0402_1005Metric",94.564200,-93.042200,90.000000,top
"R25","300R","R_0402_1005Metric",134.950200,-57.583800,90.000000,top
"R26","300R","R_0402_1005Metric",134.899400,-66.321400,90.000000,top
"R29","10K","R_0402_1005Metric",134.950200,-59.666600,270.000000,top
"R30","10K","R_0402_1005Metric",134.899400,-68.349400,270.000000,top
"R31","300R","R_0402_1005Metric",125.857000,-66.317400,90.000000,top
"R32","300R","R_0402_1005Metric",116.814600,-66.321400,90.000000,top
"R33","300R","R_0402_1005Metric",135.001000,-78.001400,90.000000,top
"R34","300R","R_0402_1005Metric",125.857000,-77.903800,90.000000,top
"R35","10K","R_0402_1005Metric",125.857000,-68.353400,270.000000,top
"R36","10K","R_0402_1005Metric",116.814600,-68.349400,270.000000,top
"R37","10K","R_0402_1005Metric",135.001000,-80.088200,270.000000,top
"R38","10K","R_0402_1005Metric",125.857000,-80.037400,270.000000,top
"R39","300R","R_0402_1005Metric",116.916200,-77.954600,90.000000,top
"R40","300R","R_0402_1005Metric",135.001000,-89.791000,90.000000,top
"R41","300R","R_0402_1005Metric",125.958600,-89.791000,90.000000,top
"R42","300R","R_0402_1005Metric",116.916200,-89.791000,90.000000,top
"R43","10K","R_0402_1005Metric",116.916200,-80.033400,270.000000,top
"R44","10K","R_0402_1005Metric",135.001000,-91.823000,270.000000,top
"R45","10K","R_0402_1005Metric",125.958600,-91.823000,270.000000,top
"R46","10K","R_0402_1005Metric",116.916200,-91.819000,270.000000,top
"R48","7.5K","R_1210_3225Metric_Pad1.30x2.65mm_HandSolder",169.443400,-118.821800,90.000000,top
"R50","1K","R_0603_1608Metric",150.354800,-114.833400,0.000000,top
"R52","220","R_0402_1005Metric",79.311500,-40.449500,0.000000,top
"R54","33","R_0402_1005Metric",111.988600,-52.093400,90.000000,top
"R56","7.5K","R_1210_3225Metric_Pad1.30x2.65mm_HandSolder",119.049800,-53.695000,90.000000,top
"R58","7.5K","R_1210_3225Metric_Pad1.30x2.65mm_HandSolder",142.925800,-38.404200,270.000000,top
"U4","BSS87","SOT-89-3",122.682000,-66.738500,90.000000,top
"U5","AMS1117-3.3","SOT-223-3_TabPin2",105.283000,-66.319400,270.000000,top
"U6","BSS87","SOT-89-3",131.776600,-58.065400,90.000000,top
"U7","BSS87","SOT-89-3",131.762100,-66.738100,90.000000,top
"U8","BSS87","SOT-89-3",122.707400,-78.409800,90.000000,top
"U9","BSS87","SOT-89-3",113.665000,-66.725800,90.000000,top
"U10","BSS87","SOT-89-3",131.800600,-78.460600,90.000000,top
"U11","BSS87","SOT-89-3",113.715800,-78.409800,90.000000,top
"U12","BSS87","SOT-89-3",131.851400,-90.195400,90.000000,top
"U13","BSS87","SOT-89-3",122.809000,-90.195400,90.000000,top
"U14","BSS87","SOT-89-3",113.766600,-90.195400,90.000000,top
"U15","EL357N(B)(TA)-G","SOP-4_3.8x4.1mm_P2.54mm",95.885000,-98.685800,270.000000,top
