Comment,Designator,Footprint,LCSC
"StepStick_Z","A1","Module:Pololu_Breakout-16_15.2x20.3mm",""
"StepStick_U","A2","Module:Pololu_Breakout-16_15.2x20.3mm",""
"StepStick_E","A3","Module:Pololu_Breakout-16_15.2x20.3mm",""
"StepStick_Z1","A4","Module:Pololu_Breakout-16_15.2x20.3mm",""
"StepStick_Z2","A5","Module:Pololu_Breakout-16_15.2x20.3mm",""
"63V/100uF","C1,C2,C3,C4,C5","Capacitor_THT:CP_Radial_D8.0mm_P3.80mm",""
"10uF","C6,C7,C8,C9,C10,C11,C12","Capacitor_SMD:C_0402_1005Metric","C15525"
"LED","D10,D12,D14,D16,D18,D20","LED_SMD:LED_0603_1608Metric","C2290"
"LED","D1,D2,D3","LED_SMD:LED_0805_2012Metric","C2293"
"D_Schottky","D4,D5,D6,D7,D8","Diode_SMD:D_SOD-123",""
"LED","D9,D11,D13,D15,D17,D19","LED_SMD:LED_1206_3216Metric",""
"Fuse","F1,F2,F3,F4,F5","Arduino:Fuseholder_Blade_Mini_aliexpress",""
"Conn_02x24_MCULeft","J1","Connector_PinHeader_2.54mm:PinHeader_2x24_P2.54mm_Vertical",""
"Neopixel header","J11","Connector_PinHeader_2.54mm:PinHeader_1x03_P2.54mm_Vertical",""
"Conn_01x04_Male","J12,J34,J35,J36,J37,J38,J39","Connector_PinHeader_2.54mm:PinHeader_1x04_P2.54mm_Vertical",""
"Conn_01x02_Male","J10,J13,J17,J18,J19,J20,J26,J27,J28,J29","Connector_PinHeader_2.54mm:PinHeader_1x02_P2.54mm_Vertical",""
"BLTouch","J14","Connector_PinHeader_2.54mm:PinHeader_1x05_P2.54mm_Vertical",""
"U","J15","Connector_PinHeader_2.54mm:PinHeader_1x04_P2.54mm_Vertical",""
"Z","J16","Connector_PinHeader_2.54mm:PinHeader_1x04_P2.54mm_Vertical",""
"Conn_02x24_MCURight","J2","Connector_PinHeader_2.54mm:PinHeader_2x24_P2.54mm_Vertical",""
"E","J21","Connector_PinHeader_2.54mm:PinHeader_1x04_P2.54mm_Vertical",""
"Z1","J22","Connector_PinHeader_2.54mm:PinHeader_1x04_P2.54mm_Vertical",""
"U_LIM","J23","Connector_PinHeader_2.54mm:PinHeader_1x02_P2.54mm_Vertical",""
"Y_LIM","J24","Connector_PinHeader_2.54mm:PinHeader_1x02_P2.54mm_Vertical",""
"X_LIM","J25","Connector_PinHeader_2.54mm:PinHeader_1x02_P2.54mm_Vertical",""
"XYStepDirEn","J3","Connector_Molex:Molex_KK-254_AE-6410-06A_1x06_P2.54mm_Vertical",""
"Z2","J30","Connector_PinHeader_2.54mm:PinHeader_1x04_P2.54mm_Vertical",""
"Screw_Terminal_01x04","J31","TerminalBlock_Phoenix:TerminalBlock_Phoenix_MKDS-1,5-4-5.08_1x04_P5.08mm_Horizontal",""
"Screw_Terminal_01x08","J32,J33","TerminalBlock_Phoenix:TerminalBlock_Phoenix_MKDS-1,5-8-5.08_1x08_P5.08mm_Horizontal",""
"spi1","J4","Connector_Molex:Molex_KK-254_AE-6410-04A_1x04_P2.54mm_Vertical",""
"Conn_02x03_Odd_Even","J40,J41,J42,J43,J44","Connector_PinHeader_2.54mm:PinHeader_2x03_P2.54mm_Vertical",""
"Conn_01x03_Female","J45,J46,J47,J48","Connector_PinSocket_2.54mm:PinSocket_1x03_P2.54mm_Vertical",""
"spi3","J5","Connector_Molex:Molex_KK-254_AE-6410-04A_1x04_P2.54mm_Vertical",""
"spi2","J6","Connector_Molex:Molex_KK-254_AE-6410-04A_1x04_P2.54mm_Vertical",""
"NRF24L01","J7","Connector_PinHeader_2.54mm:PinHeader_2x04_P2.54mm_Vertical",""
"Conn_01x02_Male","J8","Connector_Molex:Molex_KK-254_AE-6410-02A_1x02_P2.54mm_Vertical",""
"IRFB7545PBF","Q1,Q2,Q3,Q4,Q5,Q6","Package_TO_SOT_THT:TO-220-3_Vertical",""
"2N7002","Q7,Q8,Q17,Q18,Q23","Package_TO_SOT_SMD:SOT-23","C8545"
"4700R","R1,R5,R16,R18,R21","Resistor_SMD:R_0402_1005Metric","C25900"
"Thermistor 2","R17","Connector_JST:JST_XH_B2B-XH-A_1x02_P2.50mm_Vertical",""
"Thermistor 1","R19","Connector_JST:JST_XH_B2B-XH-A_1x02_P2.50mm_Vertical",""
"Thermistor 5","R2","Connector_JST:JST_XH_B2B-XH-A_1x02_P2.50mm_Vertical",""
"Thermistor 4","R20","Connector_JST:JST_XH_B2B-XH-A_1x02_P2.50mm_Vertical",""
"Thermistor 3","R22","Connector_JST:JST_XH_B2B-XH-A_1x02_P2.50mm_Vertical",""
"300R","R25,R26,R31,R32,R33,R34,R39,R40,R41,R42","Resistor_SMD:R_0402_1005Metric","C25102"
"7.5K","R47,R49,R51,R53,R55,R57","Resistor_SMD:R_1210_3225Metric","C25890"
"1K","R50","Resistor_SMD:R_0603_1608Metric","C21190"
"220","R23,R52","Resistor_SMD:R_0402_1005Metric","C25091"
"33","R54","Resistor_SMD:R_0402_1005Metric","C25105"
"7.5K","R48,R56,R58","Resistor_SMD:R_1210_3225Metric_Pad1.30x2.65mm_HandSolder",""
"10K","R3,R4,R6,R8,R10,R12,R13,R14,R15,R29,R30,R35,R36,R37,R38,R43,R44,R45,R46","Resistor_SMD:R_0402_1005Metric","C25744"
"100R","R7,R9,R11","Resistor_SMD:R_0402_1005Metric","C25076"
"4427 FET driver 2","U1","Package_DIP:DIP-8_W7.62mm",""
"EL357N(B)(TA)-G","U15","Package_SO:SOP-4_3.8x4.1mm_P2.54mm","C6649"
"4427 FET driver 1","U2","Package_DIP:DIP-8_W7.62mm",""
"4427 FET driver 3","U3","Package_DIP:DIP-8_W7.62mm",""
"BSS87","U4,U6,U7,U8,U9,U10,U11,U12,U13,U14","Package_TO_SOT_SMD:SOT-89-3","C879078"
"AMS1117-3.3","U5","Package_TO_SOT_SMD:SOT-223-3_TabPin2","C6186"